"name","nameNepali","shortName","shortNameNepali","registrationNumber","applicationDateBs","applicationDateAd","registrationDateBs","registrationDateAd","renewalDateBs","renewalDateAd","headquarters","province","district","contactPhone","contactEmail","chairpersonName","chairpersonNameNepali","generalSecretaryName","generalSecretaryNameNepali","symbolName","symbolNameNepali","symbolUrl","symbolDescription","foundedYear","website","ideology","isActive","isMajorParty","dataSource","verificationStatus","verifiedAt","verifiedBy"
"Nepal मजदुर किसान Party","नेपाल मजदुर किसान पार्टी",,,"1","2073-07-03","2016-10-19","2073-08-30","2016-12-15",,,"भक्तपुर नगरपालिका-७, गोल्मढी, भक्तपुर","Bagmati","Bhaktapur","९८५१०८१३७९, ६६१०९७४, ६६१००२६",,"Narayan Man Bijukchhe","नारायणमान बिजुक्छे",,,"Madal","मादल",,,,,,"true","false","ECN-2080-CSV","NEEDS_REVIEW",,
"Nepal Communist Party (मार्क्सवादी-लेनिनवादी)","नेपाल कम्युनिष्ट पार्टी (मार्क्सवादी-लेनिनवादी)",,,"2","2073-07-03","2016-10-19","2073-08-30","2016-12-15",,,"रातोपुल, काठमाडौं","Bagmati","Kathmandu","९८५१०७८८८५, ९८५११५०७९३, ०१-४५६९०३३",,"Chandra Prakash Mainali","चन्द्रप्रकाश मैनाली","Chandra Prakash Mainali","चन्द्रप्रकाश मैनाली","Sickle र Star","हँसिया र तारा",,,,,,"true","false","ECN-2080-CSV","NEEDS_REVIEW",,
"Gandhiwadi Party Nepal","गान्धीवादी पार्टी नेपाल",,,"3","2073-07-07","2016-10-23","2073-08-30","2016-12-15",,,"महाराजगञ्ज, चुनदेवी मार्ग, काठमाडौं","Bagmati","Kathmandu","९८४१४५१७३४, ९८६०९२७७२७",,"Lal Bahadur Rana","लाल बहादुर राना",,,"Sheep","भेडा",,,,,,"true","false","ECN-2080-CSV","NEEDS_REVIEW",,
"Nagarik Shakti Nepal","नागरिक शक्ति, नेपाल",,,"5","2073-07-08","2016-10-24","2073-08-30","2016-12-15",,,"काठमाडौं महानगरपालिका ३, लाजिम्पाट, काठमाडौं","Bagmati","Kathmandu","अर्जुन बाबु दाहाल ९८४२११४६४६, ९८५१०२२५८७, ९८४८८२६९०४",,"Dev Prakash Tripathi","देवप्रकाश त्रिपाठी",,,"Trident","त्रिशुल",,,,,,"true","false","ECN-2080-CSV","NEEDS_REVIEW",,
"Muskan Sena Nepal Party","मुस्कान सेना नेपाल पार्टी",,,"6","2073-07-04","2016-10-20","2073-08-30","2016-12-15",,,"काठमाडौं महानगरपालिका ३१, कमलपोखरी, काठमाडौं","Bagmati","Kathmandu","४४२०२९३, ४४२०२९७, ९८४१२९२४१२",,"लायन Shri Muskan Paudel","लायन श्री मुस्कान पौडेल",,,"Man","पुरूष",,,,,,"true","false","ECN-2080-CSV","NEEDS_REVIEW",,
"Chure Bhawar Loktantrik Party","चुरेभावर लोकतान्त्रिक पार्टी",,,"7","2073-07-08","2016-10-24","2073-08-30","2016-12-15",,,"नयाँवानेश्वर, काठमाडौं","Bagmati","Kathmandu","९८५११८४७११",,"Bhumiraja Niraula","भूमिराज निरौला",,,"Bhakundo","भकुण्डो",,,,,,"true","false","ECN-2080-CSV","NEEDS_REVIEW",,
"Rastriya Mukti आन्दोलन, Nepal","राष्ट्रिय मुक्ति आन्दोलन, नेपाल",,,"8","2073-07-09","2016-10-25","2073-08-30","2016-12-15",,,"नागार्जुङ न.पा.-२, काठमाडौं","Bagmati","Kathmandu","९८४९१५४७०३, ४३८१०१६",,"डा.. Jayawanta Vikram Shah","डा.. जयवन्त विक्रम शाह",,,"Hexagon","षट्कोण",,"✡",,,,"true","false","ECN-2080-CSV","NEEDS_REVIEW",,
"Rastriya Yathartha wadi Party Nepal","राष्ट्रिय यथार्थवादी पार्टी, नेपाल",,,"10","2073-07-09","2016-10-25","2073-08-30","2016-12-15",,,"काठमाडौँ महानगरपालिका- १५, स्वयम्भु, काठमाडौं","Bagmati","Kathmandu","९८४९७६३०६२, ९८४१२९९८२७, ९८४९१६३०३२",,"Vishnu Bahadur Karki","विष्णु बहादुर कार्की",,,"Motorcycle","मोटरसाइकल",,,,,,"true","false","ECN-2080-CSV","NEEDS_REVIEW",,
"Nepal Samabeshi Party","नेपाल समावेशी पार्टी",,,"11","2073-07-10","2016-10-26","2073-08-30","2016-12-15",,,"कागेश्वरी मनहरा नगरपालिका-१३, काठमाडौं","Bagmati","Kathmandu","९८५१०३४२४१",,"Motilal Bharati","मोतीलाल भारती",,,"Parrot","सुगा",,,,,,"true","false","ECN-2080-CSV","NEEDS_REVIEW",,
"Rastriya Ekta Party Prajatantrawadi","राष्ट्रिय एकता पार्टी प्रजातन्त्रवादी",,,"13","2073-07-10","2016-10-26","2073-08-30","2016-12-15",,,"काठमाडौं महानगरपालिका, ठूलो भन्ऱ्याङ, काठमाडौं","Bagmati","Kathmandu","९८५११०५११०, ४०१५२१०, ९८५११०५११०",,"Sharat Chandra Dahal","शरतचन्द्र दाहाल",,,,,,,,,,"true","false","ECN-2080-CSV","NEEDS_REVIEW",,
"Nepali Greens Party","नेपाली ग्रिन्स पार्टी",,,"14","2073-07-10","2016-10-26","2073-08-30","2016-12-15",,,"खुमलटार, ललितपुर","Bagmati","Lalitpur","९८४१०५५४६६, ९८५११२४५६५, ५२३०५७७",,"Babukaji Shrestha","वावूकाजी श्रेष्ठ",,,"Mountain","हिमाल",,,,,,"true","false","ECN-2080-CSV","NEEDS_REVIEW",,
"Nepal Janata Party","नेपाल जनता पार्टी",,,"15","2073-07-10","2016-10-26","2073-08-30","2016-12-15",,,"कालिकास्थान, डिल्लीवजार, काठमाडौं","Bagmati","Kathmandu","९८४१३६३५७४",,"Tribhuwannath Pathak","त्रिभूवननाथ पाठक",,,"Lotus Flower","कमलको फूल",,,,,,"true","false","ECN-2080-CSV","NEEDS_REVIEW",,
"Rastriya प्रजातन्त्र Party","राष्ट्रिय प्रजातन्त्र पार्टी",,,"16","2073-07-10","2016-10-26","2073-08-30","2016-12-15",,,"काठमाडौं महानगरपालिका ७, चावहिल, काठमाडौं","Bagmati","Kathmandu","४४७१०७१, ९८२६७१०७०, ०१-४५१०५६८",,"Rajendra Lingden","राजेन्द्र लिङ्गदेन",,,"Plough","हलो",,,,,,"true","false","ECN-2080-CSV","NEEDS_REVIEW",,
"Nepal Pariwar Dal","नेपाल परिवार दल",,,"19","2073-07-11","2016-10-27","2073-08-30","2016-12-15",,,"भगवती वहाल, नक्साल, काठमाडौं","Bagmati","Kathmandu","९८४१७८३२६९, ९८४९३६२५१८",,"Eknath Dhakal","एकनाथ ढकाल",,,"Key","साँचो",,,,,,"true","false","ECN-2080-CSV","NEEDS_REVIEW",,
"Madhesh Tarai Forum","मधेश तराई फोरम",,,"20","2073-07-19","2016-11-04","2073-08-30","2016-12-15",,,"गौर नगरपालिका-५, रौतहट","Madhesh","Rautahat","९८४५०३६३७६",,"Amar Prasad Yadav","अमर प्रसाद यादव",,,"Bucket","वाल्टिन",,,,,,"true","false","ECN-2080-CSV","NEEDS_REVIEW",,
"Adhunik Nepal Samajwadi Party","आधुनिक नेपाल समाजवादी पार्टी",,,"21","2073-07-18","2016-11-03","2073-08-30","2016-12-15",,,"तारकेश्वर नगरपालिका-४, काठमाडौं","Bagmati","Kathmandu","९८४१९६९७०४, ९८४१९४५३०४",,"Krishna Gopal Banjara","कृष्ण गोपाल बन्जारा",,,"Tiger","वाघ",,,,,,"true","false","ECN-2080-CSV","NEEDS_REVIEW",,
"Nepal Naulo Janabadi Party","नेपाल नौलो जनवादी पार्टी",,,"22","2073-07-11","2016-10-27","2073-08-30","2016-12-15",,,"ललितपुर महामनगरपालिका- ९, बालकुमारी, ललितपुर","Bagmati","Lalitpur","९८४३१४५२५५",,"डा. Ganga Lal Shrestha","डा. गंगा लाल श्रेष्ठ",,,"चुच्चोले चिट्ठी बोकेर उड्न लागेको Pigeon","चुच्चोले चिट्ठी बोकेर उड्न लागेको परेवा",,,,,,"true","false","ECN-2080-CSV","NEEDS_REVIEW",,
"Janasewa Loktantrik Party","जनसेवा लोकतान्त्रिक पार्टी",,,"23","2073-07-22","2016-11-07","2073-08-30","2016-12-15",,,"टोखा नगरपालिका, धापासी, काठमाडौं","Bagmati","Kathmandu","९८५१०५८१११",,"Bhakta Bahadur Lama","भक्त बहादुर लामा",,,"Dharahara","धरहरा",,,,,,"true","false","ECN-2080-CSV","NEEDS_REVIEW",,
"Nepal Communist Party Marxist","नेपाल कम्यूनिष्ट पार्टी (मार्क्सवादी)",,,"25","2073-07-22","2016-11-07","2073-08-30","2016-12-15",,,"टोखा नगरपालिका-४, काठमाडौ",,,"९८०३०५१२७०, ९८६०५८९२७७",,"Ambika Prasad Chaudhary","अम्बिका प्रसाद चैव",,,"Spade","कोदालो",,,,,,"true","false","ECN-2080-CSV","NEEDS_REVIEW",,
"Nepal Rashtrawadi Party","नेपाल राष्ट्रवादी पार्टी",,,"27","2073-07-23","2016-11-08","2073-08-30","2016-12-15",,,"काठमाडौं महानगरपालिका- १५, स्वयम्भु","Bagmati","Kathmandu","९८१३१०२३९१",,"Dorje Lama","दोर्जे लामा",,,,,,,,,,"true","false","ECN-2080-CSV","NEEDS_REVIEW",,
"Nepal Communist Party","नेपाल कम्युनिष्ट पार्टी",,,"28","2073-07-22","2016-11-07","2073-08-30","2016-12-15",,,"काठमाडौं महानगरपालिका- ३२, कोटेश्वर, (महादेव स्थान पस्ने गेट छेउ)","Bagmati","Kathmandu","९८४१५५४५४४",,"Loknārāyaṇa Subedi","लोकनारायण सुवेदी",,,"घन Spade","घन कोदालो",,,,,,"true","false","ECN-2080-CSV","NEEDS_REVIEW",,
"Madhesi जनअधिकार Forum Madhesh","मधेशी जनअधिकार फोरम मधेश",,,"31","2073-07-23","2016-11-08","2073-08-30","2016-12-15",,,"वीरगञ्ज उपमहानगरपालिका- १०, गहवा, पर्सा","Madhesh","Parsa","९८०४२४१७६५",,"Bhagyanath Prasad Sah","भाग्यनाथ प्रसाद साह",,,"Spinning Wheel","चर्खा",,,,,,"true","false","ECN-2080-CSV","NEEDS_REVIEW",,
"Nepal Communist Party Ekikrit Marxist लेलिनवादी)","नेपाल कम्यूनिष्ट पार्टी (एकीकृत मार्क्सवादी लेलिनवादी)",,,"32","2073-07-23","2016-11-08","2073-08-30","2016-12-15",,,"तुल्सीलाल स्मृति भवन, च्यासल, ललितपुर","Bagmati","Lalitpur","०१-४३७८०५५, ४३७८०५५, ४३७८०९९",,"KP Sharma Oli","केपी शर्मा ओली",,,"Sun","सूर्य",,,,,,"true","false","ECN-2080-CSV","NEEDS_REVIEW",,
"Sanghiya Loktantrik Rastriya मञ्च","संघीय लोकतान्त्रिक राष्ट्रिय मञ्च",,,"34","2073-07-24","2016-11-09","2073-08-30","2016-12-15",,,"काठमाडौँ महानगरपालिका- ९, तिलगंगा, काठमाडौं","Bagmati","Kathmandu","९८१५०१७६८७, ९८४९८५३३६०, ९८६०८५१८१६",,"Kumar लिङ्देन","कुमार लिङ्देन",,,"दाप सहितको Khukuri","दाप सहितको खुकुरी",,,,,,"true","false","ECN-2080-CSV","NEEDS_REVIEW",,
"Communist Party of Nepal (Maoist Centre)","नेपाल कम्युनिष्ट पार्टी (माओवादी केन्द्र)","CPN-MC",,"37","2073-07-24","2016-11-09","2073-08-30","2016-12-15",,,"काठमाडौँ महानगरपालिका- ३२, पेरिसडाँडा, कोटेश्वर, काठमाडौं","Bagmati","Kathmandu","०१-४६०२२८८, ०१-४६०२२९०, ९८५१२२५४४०",,"Pushpa Kamal Dahal","पुष्प कमल दाहाल",,,"गोलाकारभित्र Sickle Hammer","गोलाकारभित्र हँसिया हथौडा",,,,,,"true","true","ECN-2080-CSV","NEEDS_REVIEW",,
"Nepali Congress","नेपाली काँग्रेस","NC",,"38","2073-07-25","2016-11-10","2073-08-30","2016-12-15",,,"वी.पी. स्मृति भवन, वीपीनगर, ललितपुर","Bagmati","Lalitpur","९८४१२८३०७८, ५१८३३०३, ५१८३१८९",,"Sher Bahadur Deuba","शेर बहादुर देउवा",,,"Tree","रूख",,,,,,"true","true","ECN-2080-CSV","NEEDS_REVIEW",,
"Rastriya Janamorcha","राष्ट्रिय जनमोर्चा","RJM",,"41","2073-07-25","2016-11-10","2073-08-30","2016-12-15",,,"बुढानीलकण्ठ नगरपालिका- १२, कपन, काठमाडौं","Bagmati","Kathmandu","९८४१३४७४०४, ०१-४१६४३०४",,"Chitra Bahadur के.सी.","चित्र बहादुर के.सी.",,,"Glass","गिलास",,,,,,"true","true","ECN-2080-CSV","NEEDS_REVIEW",,
"Shiv Sena Nepal","शिव सेना नेपाल",,,"43","2073-07-26","2016-11-11","2073-08-30","2016-12-15",,,"काठमाडौं-१०, शंखमुल","Bagmati","Kathmandu","९८५१०७७०७८",,"Anil Basnet","अनिल बस्नेत",,,"Damaru","डमरू",,,,,,"true","false","ECN-2080-CSV","NEEDS_REVIEW",,
"Bahujan Shakti Party","बहुजन शक्ति पार्टी",,,"44","2073-07-26","2016-11-11","2073-08-30","2016-12-15",,,"गौशाला, पिंगलास्थान, काठमाडौं","Bagmati","Kathmandu","९८५१२४६०२१",,"Vishwendra Paswan","विश्वेन्द्र पासवान",,,"Jug","जग",,,,,,"true","false","ECN-2080-CSV","NEEDS_REVIEW",,
"Nepal Manab tawadi Party","नेपाल मानवतावादी पार्टी",,,"45","2073-07-26","2016-11-11","2073-08-30","2016-12-15",,,"काठमाडौं महानगरपालिका- ११, थापाथली, बागमती पुल, काठमाडौं","Bagmati","Kathmandu","९८६१३४९९८८, ९८५११६१९३६",,"Megha Bahadur Kami","मेघ बहादुर कामी",,,"Well","इनार",,,,,,"true","false","ECN-2080-CSV","NEEDS_REVIEW",,
"Khambuwan Rastriya Morcha Nepal","खम्बुवान राष्ट्रिय मोर्चा नेपाल",,,"48","2073-07-26","2016-11-11","2073-08-30","2016-12-15",,,"धरान उपमहानगरपालिका ११, सुनसरी","Koshi","Sunsari","९७४२०१४३३४, ९८१९०३०१६६, ९७४१२१४७११",,"Ram Kumar Rai","रामकुमार राई",,,"Hammer","हथौडा",,,,,,"true","false","ECN-2080-CSV","NEEDS_REVIEW",,
"Sanghiya Loktantrik Rastriya मञ्च (थरुहट)","संघीय लोकतान्त्रिक राष्ट्रिय मञ्च (थरुहट)",,,"49","2073-07-26","2016-11-11","2073-08-30","2016-12-15",,,"काठमाडौं महानगरपालिका ३१, सिनामङ्गल, काठमाडौं","Bagmati","Kathmandu","९८४१००१६९७, ९८४५४७४३४४",,"Rukmini Chaudhary","रुक्मिणी चौधरी",,,"Water Pot","गाग्री",,,,,,"true","false","ECN-2080-CSV","NEEDS_REVIEW",,
"Nepal Samajwadi Congress","नेपाल समाजवादी काँग्रेस",,,"51","2073-07-28","2016-11-13","2073-08-30","2016-12-15",,,"गौशाला, काठमाडौं","Bagmati","Kathmandu","०१४११३५१०, ९८४१८३३९२२",,"Gobinda Prasad Niraula","गोविन्द प्रसाद निरौला",,,"Jackfruit","भुइकटहर",,,,,,"true","false","ECN-2080-CSV","NEEDS_REVIEW",,
"Nepal Janata Sanrakshan Party","नेपाल जनता संरक्षण पार्टी",,,"57","2073-07-29","2016-11-14","2073-08-30","2016-12-15",,,"काठमाडौँ महानगरपालिका- १०, नयाँबानेश्वर, काठमाडौं","Bagmati","Kathmandu","९८४१२७४५९१, ४७८४९६२",,"Hukum Bahadur Lama","हुकुम बहादुर लामा",,,"Basket","डोको",,,,,,"true","false","ECN-2080-CSV","NEEDS_REVIEW",,
"Bahujan Samaj Party Nepal","बहुजन समाज पार्टी नेपाल",,,"58","2073-07-29","2016-11-14","2073-08-30","2016-12-15",,,"ललितपुर महानगरपालिका- ४, बागडोल, ललितपुर","Bagmati","Lalitpur",,,"Pujan Mahara","पुजन महरा",,,"Mortar","हौस",,,,,,"true","false","ECN-2080-CSV","NEEDS_REVIEW",,
"Nepal Communist Party Rashtrawadi","नेपाल कम्युनिष्ट पार्टी राष्ट्रवादी",,,"59","2073-07-29","2016-11-14","2073-08-30","2016-12-15",,,"तारकेश्वर नगरपालिका ७, चिम्बरपोखरी, काठमाडौं","Bagmati","Kathmandu","९८५१२२५३२०, ९८२३६३७५१४",,"Minnath Devkota","मिननाथ देवकोटा",,,"पानी खोलेको Water Tap","पानी खोलेको धारा",,,,,,"true","false","ECN-2080-CSV","NEEDS_REVIEW",,
"Samajwadi Party Nepal","समाजवादी पार्टी नेपाल",,,"61","2073-07-29","2016-11-14","2073-08-30","2016-12-15",,,"काठमाडौं महानगरपालिका- १०, पिपलबोट मार्ग, पुरानो बानेश्वर","Bagmati","Kathmandu","९८५१०२४४४१",,"Vishnu Raj Aryal","विष्णुराज अर्याल",,,"Sukunda","सुकुन्दा",,,,,,"true","false","ECN-2080-CSV","NEEDS_REVIEW",,
"Nepali Janata Dal","नेपाली जनता दल",,,"63","2073-07-29","2016-11-14","2073-08-30","2016-12-15",,,"काठमाडौं महानगरपालिका- २९, संगमगल्ली, काठमाडौं","Bagmati","Kathmandu","०१-४७७१७१८, ९८५१०५०२५०",,"Haricharan Shah","हरिचरण शाह",,,,"गोरू गाडाको चक्का (पाड्यो)",,,,,,"true","false","ECN-2080-CSV","NEEDS_REVIEW",,
"Rashtrawadi Ekta Party","राष्ट्रवादी एकता पार्टी",,,"64","2073-07-29","2016-11-14","2073-08-30","2016-12-15",,,"अनामनगर, काठमाडौं","Bagmati","Kathmandu","९८४१२०८२६०",,"Uma Shrestha","उमा श्रेष्ठ",,,"Pigeon","परेवा",,,,,,"true","false","ECN-2080-CSV","NEEDS_REVIEW",,
"Janapriya Loktantrik Party","जनप्रिय लोकतान्त्रिक पार्टी",,,"67","2073-07-29","2016-11-14","2073-08-30","2016-12-15",,,"ललितपुर महानगरपालिका- ३, पुल्चोक, ललितपुर","Bagmati","Lalitpur","०१-५४३४३२२, ९८६९३७६९१६, ९८४३४०९७१४",,"Singman Tamang","सिङमान तामाङ",,,"Vajra","बज",,,,,,"true","false","ECN-2080-CSV","NEEDS_REVIEW",,
"Lok Dal","लोक दल",,,"69","2073-07-29","2016-11-14","2073-08-30","2016-12-15",,,"काठमाडौं महानगरपालिका- ३२, नरेफाँट, काठमाडौ","Bagmati","Kathmandu","९८५११३३८६१",,"Kaushal Kumar Singh","कौशल कुमार सिंह",,,"लुगा सिउने Sewing Machine","लुगा सिउने कल",,,,,,"true","false","ECN-2080-CSV","NEEDS_REVIEW",,
"Deshabhakta Samaj","देशभक्त समाज",,,"70","2073-07-29","2016-11-14","2073-08-30","2016-12-15",,,"जमल, काठमाडौं","Bagmati","Kathmandu","९८६३२२१४७०",,"Drona Adhikari","द्रोण अधिकारी",,,"Pliers","जरायो",,,,,,"true","false","ECN-2080-CSV","NEEDS_REVIEW",,
"Miteri Party Nepal","मितेरी पार्टी नेपाल",,,"73","2073-07-29","2016-11-14","2073-08-30","2016-12-15",,,"काठमाडौं महानगरपालिका ७, गंगाहिटी, चावहिल, काठमाडौं","Bagmati","Kathmandu","९८४१४०५४८६, ९८०८२४१०६०",,"Dhanendra Bahadur Basnet","धनेन्द्र बहादुर बस्नेत",,,"Horse","घोडा",,,,,,"true","false","ECN-2080-CSV","NEEDS_REVIEW",,
"Akhand Nepal Sudurpashchim Party","अखण्ड नेपाल सुदूरपश्चिम पार्टी",,,"78","2073-07-30","2016-11-15","2073-08-30","2016-12-15",,,"काठमाडौं महानगरपालिका- ३२, अनामनगर, काठमाडौं","Bagmati","Kathmandu","९८२३२२९४९५, ९७४१०६३१५०, ९७५९५००६८३",,"Khagendra Raj Awasthi","खगेन्द्र राज अवस्थी",,,"Teapot","चियादानी",,,,,,"true","false","ECN-2080-CSV","NEEDS_REVIEW",,
"Sanghiya Bikasbadi Party Nepal","संघीय विकासवादी पार्टी नेपाल",,,"79","2073-07-30","2016-11-15","2073-08-30","2016-12-15",,,"कीर्तिपुर नगरपालिका-३, काठमाडौं","Bagmati","Kathmandu","९८४१३८२६५६",,"Tej Bahadur Pal","तेज बहादुर पाल",,,"Bridge","पुल",,,,,,"true","false","ECN-2080-CSV","NEEDS_REVIEW",,
"Rastriya Bikas Party","राष्ट्रिय विकास पार्टी",,,"80","2073-07-30","2016-11-15","2073-08-30","2016-12-15",,,"काठमाडौँ महानगरपालिका १०, नयाँबानेश्वर, काठमाडौं","Bagmati","Kathmandu","९८५१०२६८४७, ९८४१५९२११३",,"Nilu Kumari","निलु कुमारी",,,"Elephant","हात्ती",,,,,,"true","false","ECN-2080-CSV","NEEDS_REVIEW",,
"Newar Rastriya Party","नेपाः राष्ट्रिय पार्टी",,,"82","2073-07-29","2016-11-14","2073-08-30","2016-12-15",,,"काठमाडौं महानगरपालिका- १३, कालिमाटी, काठमाडौं","Bagmati","Kathmandu","९८५१०३०६५६",,"डा. Bijaya प्रकाश Sayaju","डा. विजय प्रकाश सैजु",,,"Sword","खङ्ग",,,,,,"true","false","ECN-2080-CSV","NEEDS_REVIEW",,
"Rastriya Ekta मञ्च","राष्ट्रिय एकता मञ्च",,,"84","2073-07-30","2016-11-15","2073-08-30","2016-12-15",,,"यराहिटी वाबुछिरी मार्ग, बालाजु",,,"९८५१०५८९८०",,"Bijendra Lal Joshi","विजेन्द्र लाल जोशी",,,"Ring","औठी",,,,,,"true","false","ECN-2080-CSV","NEEDS_REVIEW",,
"Janajagaran Party Nepal","जनजागरण पार्टी नेपाल",,,"85","2073-07-30","2016-11-15","2073-08-30","2016-12-15",,,"ललितपुर महानगरपालिका- ७, ग्वार्को चोक, ललितपुर","Bagmati","Lalitpur","९८६४१५३९९५, ९८४३५७५२८१, ९८१३६२३०७२",,"डा. Vishnu Prasad Khanal","डा. विष्णु प्रसाद खनाल",,,"Torch","टर्चलाइट",,,,,,"true","false","ECN-2080-CSV","NEEDS_REVIEW",,
"Nepalwad","नेपालवाद",,,"88","2073-07-30","2016-11-15","2073-08-30","2016-12-15",,,"काठमाडौं महानगरपालिका- ४, काठमाडौं","Bagmati","Kathmandu","९८५१०१७९६८, ९८५१०९५९३९, ०१-४४२५८१९",,"Kiran Kumar Sharma Paudel","किरण कुमार शर्मा पौडेल",,,"Star Cluster","तारापुञ्ज",,"@",,,,"true","false","ECN-2080-CSV","NEEDS_REVIEW",,
"Pichhādabarga Nishad Dalit Janajati Party","पिछडावर्ग निषाद दलित जनजाती पार्टी",,,"94","2073-07-30","2016-11-15","2073-08-30","2016-12-15",,,"विराटनगर-६, कटहरी, मोरङ","Koshi","Morang","९८०४३७६६१६",,"Pritam Mukhiya","प्रितम मुखिया",,,"Turtle","कछुवा",,,,,,"true","false","ECN-2080-CSV","NEEDS_REVIEW",,
"Rastriya Nagarik Party","राष्ट्रिय नागरिक पार्टी",,,"97","2073-07-30","2016-11-15","2073-08-30","2016-12-15",,,"नागार्जुन नगरपालिका-४, खोपाटोल, काठमाडौं","Bagmati","Kathmandu","९८५१०७९०४७, ९८५१३१६०३७, ९८४१२१५९१३",,"Shukra वहादुर Gurung","शुक्र वहादुर गुरुङ्ग",,,"Kite","चङ्गा",,,,,,"true","false","ECN-2080-CSV","NEEDS_REVIEW",,
"Rastriya Janmukti Party","राष्ट्रिय जनमुक्ति पार्टी",,,"99","2073-07-30","2016-11-15","2073-08-30","2016-12-15",,,"काठमाडौं महानगरपालिका- ३, महाराजगंज (प्रहरी बिट अगाडि), काठमाडौं","Bagmati","Kathmandu","९८५२६७०८५२, ९८५२०४७८९८, ९८४१२२१९४८",,"Khadka Prasad Palungwa","खड्क प्रसाद पालुङ्वा",,,"House","घर",,,,,,"true","false","ECN-2080-CSV","NEEDS_REVIEW",,
"Janasamajwadi Party Nepal","जनसमाजवादी पार्टी, नेपाल",,,"100","2073-07-30","2016-11-15","2073-08-30","2016-12-15",,,"कलंकी, काठमाडौं","Bagmati","Kathmandu","९८५१०६७३७९, ९८४१६९८६५५, ४४८७७२१",,"Subas Raj Kafle","सुवासराज काफ्ले",,,"सेतो पृष्ठभुमिमा रातो पाँच कुने Star","सेतो पृष्ठभुमिमा रातो पाँच कुने तारा",,,,,,"true","false","ECN-2080-CSV","NEEDS_REVIEW",,
"Trimul Nepal","त्रिमुल नेपाल",,,"101","2073-07-30","2016-11-15","2073-08-30","2016-12-15",,,"काठमाडौं महानगरपालिका- ३, लोसाल, चप्पल कारखाना (धुम्बराही)","Bagmati","Kathmandu","९८६६२९०३४१, ०१-५२००६४५",,"Bharat Mani Dahal","भरतमणि दाहाल",,,"Mortar","ओदान",,,,,,"true","false","ECN-2080-CSV","NEEDS_REVIEW",,
"Rashtrawadi Yuwa Morcha","राष्ट्रवादी युवा मोर्चा",,,"106","2073-07-30","2016-11-15","2073-08-30","2016-12-15",,,"ललितपुर, सानेपा २","Bagmati","Lalitpur","५५२५३६१, ९८५१११४१५१",,"Shyam Kumar Thapa","श्याम कुमार थापा",,,"Spectacles","चस्मा",,"d",,,,"true","false","ECN-2080-CSV","NEEDS_REVIEW",,
"Nepal Samajwadi Party Lohiyawadi","नेपाल समाजवादी पार्टी (लोहियावादी)",,,"110","2073-07-26","2016-11-11","2073-08-30","2016-12-15",,,"काठमाडौं महानगरपालिका- ३१, नयाँवानेश्वर","Bagmati","Kathmandu","९८५५०३३६०००, ९८६४२२५८५८",,"Nandan Yabada","नन्दन यावद",,,"Match","मेच",,,,,,"true","false","ECN-2080-CSV","NEEDS_REVIEW",,
"Itihasik Janata Party","इतिहासिक जनता पार्टी",,,"111","2073-08-08","2016-11-23","2073-08-08","2016-11-23",,,"जनकपुर उपमहानगरपालिका-१३, पिरारी चोक, जनकपुरधाम, धनुषा","Madhesh","Dhanusha","९८०७६०९४४९",,"Badri Narayan Thakur","वद्रि नारायण ठाकुर",,,"Tractor","ट्र्याक्टर",,,,,,"true","false","ECN-2080-CSV","NEEDS_REVIEW",,
"Amul Paribartan Republican Party Nepal","आमूल परिवर्तन रिपब्लिकन पार्टी नेपाल",,,"114","2073-11-17","2017-02-28","2073-12-01","2017-03-14",,,"का.म.न.पा. ३१, नयाबानेश्वर, काठमाडौं","Bagmati","Kathmandu","९८०११२०५८९",,"Bharat Giri","भरत गिरी",,,"Love","प्रेम",,,,,,"true","false","ECN-2080-CSV","NEEDS_REVIEW",,
"जन प्रजातान्त्रित Party Nepal","जन प्रजातान्त्रित पार्टी, नेपाल",,,"119","2073-09-17","2017-01-01","2073-12-01","2017-03-14",,,"काठमाडौं महानगरपालिका- १, शम्भुमार्का चोक (पत्रकार महासंघको अगाडि)","Bagmati","Kathmandu","९८०३३६४४११, ९८४००१११६४",,"Gyan वहादुर Tamang","ज्ञान वहादुर तामाङ",,,"Rhino","गैंडा",,,,,,"true","false","ECN-2080-CSV","NEEDS_REVIEW",,
"Mongol National Organization","मंगोल नेशनल अर्गनाइजेशन",,,"121",,,"2073-12-01","2017-03-14",,,"काठमाडौं महानगरपालिका- २६, गंगवु, काठमाडौं","Bagmati","Kathmandu","९८४२०९१४३२, ९८५११२३७२६",,"Buddha Lal Meche","बुद्धलाल मेचे",,,"Rooster","कुखुराको भाले",,,,,,"true","false","ECN-2080-CSV","NEEDS_REVIEW",,
"Nepal Sanghiya Samajwadi Party","नेपाल संघीय समाजवादी पार्टी",,,"122","2073-11-14","2017-02-25","2073-12-01","2017-03-14",,,"विजुली बजार, काठमाडौं","Bagmati","Kathmandu","९८५१२४४०८६, ०१४७८६२६२, ९८४१४९२६५२",,"मो. Rijwan Ansari","मो. रिजवान अन्सारी",,,"Bus","बस",,,,,,"true","false","ECN-2080-CSV","NEEDS_REVIEW",,
"Aam आदमी Party Nepal","आम आदमी पार्टी नेपाल",,,"124","2073-10-26","2017-02-08","2073-12-01","2017-03-14",,,"नयाँ बानेश्वर, काठमाडौ",,,"९८६०२३५३८८",,"Ashok Kumar Yadav","अशोक कुमार यादव",,,,,,,,,,"true","false","ECN-2080-CSV","NEEDS_REVIEW",,
"Rastriya Samajwadi Party Nepal","राष्ट्रिय समाजवादी पार्टी नेपाल",,,"125","2073-11-02","2017-02-13","2073-12-01","2017-03-14",,,"बल्खु, काठमाडौं","Bagmati","Kathmandu","९८४३३३३३७०, ९८५१००४०८२, ९८५१०७६१३९, ०१४२८९३८०",,"Rudra Jung Pulami","रुद्रजंग पुलामी",,,"Earth","पृथ्वी",,,,,,"true","false","ECN-2080-CSV","NEEDS_REVIEW",,
"Nepal Lagi Nepali Party","नेपालका लागि नेपाली पार्टी",,,"130","2073-12-31","2017-04-13","2074-03-28","2017-07-12",,,"चप्पल कारखाना, काठमाडौं","Bagmati","Kathmandu","०१-४३७९२६४, ९८५११००३३४, ९८४७३७१९७८",,"Bal Krishna Nyaupane","बालकृष्ण न्यौपाने",,,"गोलाकार भित्र Bull","गोलाकार भित्र शंड",,,,,,"true","false","ECN-2080-CSV","NEEDS_REVIEW",,
"Sanghiya Khambuwan Loktantrik Party Nepal","संघीय खम्बुवान लोकतान्त्रिक पार्टी नेपाल",,,"131","2073-11-18","2017-03-01","2074-03-30","2017-07-14",,,"धरान-६, सुनसरी","Koshi","Sunsari","९८५२०६३७८३, ९८४१२५९९०७",,"Gyansher Rai","ज्ञानसेर राई",,,"Airplane","हवाईजहाज",,,,,,"true","false","ECN-2080-CSV","NEEDS_REVIEW",,
"Nepali Congress (वी.पी.)","नेपाली काँग्रेस (वी.पी.)",,,"134","2074-03-28","2017-07-12","2074-03-30","2017-07-14",,,"काठमाडौं महानगरपालिका- २६, गंगबु आवासक्षेत्र, काठमाडौं","Bagmati","Kathmandu","९८५११०५१६१, ९८४१८८५१४१",,"Sushil Man Sherchan","सुशिलमान शेरचन",,,"Pot","करूवा",,,,,,"true","false","ECN-2080-CSV","NEEDS_REVIEW",,
"Bibeksheel Sajha Party","विवेकशील साझा पार्टी",,,"138","2074-04-32","2017-08-16","2074-05-02","2017-08-18",,,"बखुन्डोल, ललितपुर","Bagmati","Lalitpur","१५४३६०६२, ९८५१०६७५०८",,"Samikshya Baskota","समिक्षा बासकोटा",,,"Scale","तराज्",,,,,,"true","false","ECN-2080-CSV","NEEDS_REVIEW",,
,"(दलको नाम खाली)",,,"140","2074-01-03","2017-04-16","2074-12-02","2018-03-16",,,"वाफलचोक ग्वार्को, ललितपुर","Bagmati","Lalitpur","९८५११४७७८४, ९८४१२८०९७४",,"Kumar Rai","कुमार राई",,,"तीन ढुङ्गे Hearth","तीन ढुङ्गे अधिनो",,,,,,"true","false","ECN-2080-CSV","NEEDS_REVIEW",,
"Prajatantrik Party Nepal","प्रजातान्त्रिक पार्टी नेपाल",,,"141","2074-01-11","2017-04-24","2074-12-02","2018-03-16",,,"काठमाडौं महानगरपालिका- १६, पकनाजोल, काठमाडौं","Bagmati","Kathmandu","९८४९८१०५०४, ९८४१३१८०५८",,"Narendra Man Singh Shrestha","नरेन्द्र मान सिं श्रेष्ठ",,,"Chariot","रथ",,,,,,"true","false","ECN-2080-CSV","NEEDS_REVIEW",,
"Nepal Matribhumi Party","नेपाल मातृभूमि पार्टी",,,"142","2074-05-09","2017-08-25","2074-12-02","2018-03-16",,,"टोखा नगरपालिका, घर नं. २२०, वसुन्धराचोक काठमाडौं","Bagmati","Kathmandu","९८५१०२६३१४, ०१४९५०२०५",,"Om प्रकाश Bishwakarma","ओम प्रकाश विश्वकर्मा",,,"बलिरहेको Lamp","बलिरहेको दियो",,,,,,"true","false","ECN-2080-CSV","NEEDS_REVIEW",,
"Nepal Loktantrik Party","नेपाल लोकतान्त्रिक पार्टी",,,"146","2074-12-26","2018-04-09","2075-04-31","2018-08-16",,,"ज्ञानेश्वर, काठमाडौं","Bagmati","Kathmandu","९८४१३९६९६७, ०१५९१०८११३/१२",,"Geeta Chhetri","गीता क्षेत्री",,,"दुई हात जोडेको Namaste","दुई हात जोडेको नमस्कार",,"A",,,,"true","false","ECN-2080-CSV","NEEDS_REVIEW",,
"Rastriya Janamukhi Party Loktantrik","राष्ट्रिय जनमुखी पार्टी लोकतान्त्रिक",,,"147","2075-02-20","2018-06-03","2075-05-24","2018-09-09",,,"जनकपुरधाम, धनुषा","Madhesh","Dhanusha","९८४१६४७०८०",,"Shri Ritesh Kumar Singh","श्री रितेश कुमार सिंह",,,"Radio","रेडियो",,,,,,"true","false","ECN-2080-CSV","NEEDS_REVIEW",,
"Rastriya Prajatantra Party Nepal","राष्ट्रिय प्रजातन्त्र पार्टी नेपाल","RPP-N",,"149","2075-09-18","2019-01-02","2075-12-25","2019-04-08",,,"काठमाडौं महानगरपालिका ४ विशालनगर, काठमाडौं","Bagmati","Kathmandu","९८५१०१४५२३, ०१५९११५५५, ९८५१०००८०५",,"Kamal Thapa","कमल थापा",,,"Arrow","तीर",,,,,,"true","true","ECN-2080-CSV","NEEDS_REVIEW",,
"Janamat Party","जनमत पार्टी",,,"150","2076-01-15","2019-04-28","2076-02-06","2019-05-20",,,"सूर्यविनायक नगरपालिका- ३, भक्तपुर","Bagmati","Bhaktapur","९८१७६४४७७५, ९८०४७९३८८०",,"Chandrakanta Raut","चन्द्रकान्त राउत",,,"Loudspeaker","लाउड स्पिकर",,,,,,"true","false","ECN-2080-CSV","NEEDS_REVIEW",,
"Maulik Jarokilo Party","मौलिक जरोकिलो पार्टी",,,"152","2076-03-23","2019-07-08","2076-04-23","2019-08-08",,,"कागेश्वरी मनहरा-४ डाँछी, काठमाडौं","Bagmati","Kathmandu","०१-६६३०५८३, ९८६५५८७३२२",,"Sushil Gautam","शुसिल गौतम",,,"Computer (किवोर्ड सहितको Computer","कम्प्युटर (किवोर्ड सहितको कम्प्युटर)",,,,,,"true","false","ECN-2080-CSV","NEEDS_REVIEW",,
"Maoist Communist Party Nepal","माओवादी कम्युनिष्ट पार्टी, नेपाल",,,"153","2076-01-09","2019-04-22",,,,,"गौशाला, काठमाडौं","Bagmati","Kathmandu","९८६५२२६९२५, ९८६००३६७९०",,"Ram Narayan Prasad Pal","राम नारायण प्रसाद पाल","Ram Narayan Prasad Pal","राम नारायण प्रसाद पाल","Plough जोतिरहेको Farmer","हलो जोतिरहेको किसान",,,,,,"true","false","ECN-2080-CSV","NEEDS_REVIEW",,
"Nepal Communist Party Marxist (पुष्पलाल)","नेपाल कम्युनिष्ट पार्टी मार्क्सवादी (पुष्पलाल)",,,"154","2076-03-01","2019-06-16","2076-05-15","2019-09-01",,,"बूढानीलकण्ठ नगरपालिका १, काठमाडौं","Bagmati","Kathmandu","९८४१५३३६८६, ०१-४६५०४०९",,"Man Dhwaj Gurung","मानध्वज गुरुङ","Man Dhwaj Gurung","मानध्वज गुरुङ","Pickaxe","गैती",,,,,,"true","false","ECN-2080-CSV","NEEDS_REVIEW",,
"Nepal Sadbhawana Party","नेपाल स‌द्भावना पार्टी",,,"155",,,"2076-08-26","2019-12-12",,,"जनकपुर उपमहानगरपालिका, जनकपुरधाम, धनुषा","Madhesh","Dhanusha","९८५४०२७७०८, ९८१५८३२०१२",,"Kabita Kumari","कविता कुमारी",,,"Hand Print","पञ्जा छाप",,,,,,"true","false","ECN-2080-CSV","NEEDS_REVIEW",,
"Rastriya Sajha Party","राष्ट्रिय साझा पार्टी",,,"156",,,"2076-08-27","2019-12-13",,,"धरान उपमहानगरपालिका ११, सुनसरी","Koshi","Sunsari","९८१४३२६८८५, ९८१४३४४९९१",,"Bhupi Rai","भूपि राई",,,"Dhaka Topi","ढाका टोपी",,,,,,"true","false","ECN-2080-CSV","NEEDS_REVIEW",,
"Maoist Janmukti Party Nepal","माओवादी जनमुक्ति पार्टी नेपाल",,,"158",,,"2076-12-20","2020-04-02",,,"सुकेधारा, काठमाडौ",,,"९८१९०७१५०१",,"Ram वहादुर Gurung","राम वहादुर गुरुङ",,,"Broom","कुचो",,,,,,"true","false","ECN-2080-CSV","NEEDS_REVIEW",,
"Janata Samajwadi Party Nepal","जनता समाजवादी पार्टी, नेपाल","JSP",,"159",,,"2077-03-25","2020-07-09",,,"बालकुमारी, ललितपुर","Bagmati","Lalitpur","९८५१२०९५५७, ०१-५१८६३९२",,"Upendra Yadav","उपेन्द्र यादव",,,"ढल्केको Umbrella","ढल्केको छाता",,,,,,"true","true","ECN-2080-CSV","NEEDS_REVIEW",,
"जनताको Janabadi Party Nepal","जनताको जनवादी पार्टी, नेपाल",,,"160",,,"2077-05-03","2020-08-19",,,"काठमाडौं महानगरपालिका- १०, नयाँवानेश्वर","Bagmati","Kathmandu","९८४०१७७०९२, ९८६०३९२६६८",,"Sandhya Tiwari","सन्ध्या तिवारी",,,"फणा उठाएको Snake (सर्प)","फणा उठाएको नाग (सर्प)",,"$",,,,"true","false","ECN-2080-CSV","NEEDS_REVIEW",,
"Sachet Nepali Party","सचेत नेपाली पार्टी",,,"161",,,"2077-10-09","2021-01-22",,,"बागबजार, काठमाडौं","Bagmati","Kathmandu","९८५१०१२५१३, ९८४१४५२६०२",,"Punya Prasad Prasai","पुण्य प्रसाद प्रसाई",,,"काँधमा जगर भएको भाले Lion","काँधमा जगर भएको भाले सिंह",,,,,,"true","false","ECN-2080-CSV","NEEDS_REVIEW",,
"Nationalist People's Party","नेश्नलिष्ट पिपल्स पार्टी",,,"162",,,"2077-11-11","2021-02-23",,,"काठमाडौँ महानगरपालिका १०, नयाँवानेश्वर, काठमाडौं","Bagmati","Kathmandu","९८७५३७००९१, ९८५१०२१३५६",,"Indra Bahadur Thapa","इन्द्र बहादुर थापा",,,"Candle","लाटोकोसेरो",,,,,,"true","false","ECN-2080-CSV","NEEDS_REVIEW",,
"Nepal Communist Party Loktantrik","नेपाल कम्युनिष्ट पार्टी (लोकतान्त्रिक)",,,"164",,,"2078-03-06","2021-06-20",,,"काठमाडौं महानगरपालिका- ११, बानेश्वर काठमाडौं","Bagmati","Kathmandu","९८५५०८६०८५",,"Sudip Ruwali","सुदिप रूवाली",,,"गोलाकार भित्र आधा Moon","गोलाकार भित्र आधा चन्द्रमा",,,,,,"true","false","ECN-2080-CSV","NEEDS_REVIEW",,
"Nepal Communist Party Paribartan","नेपाल कम्युनिष्ट पार्टी परिवर्तन",,,"165",,,"2078-04-04","2021-07-19",,,"काठमाडौं महानगरपालिका १३, कालिमाटी, काठमाडौं","Bagmati","Kathmandu","९८४१२३७५०८, ९८६६२६७९८९",,"Jogman Lama","जोगमान लामा",,,"माथि चराको प्रतिक भएको Drum","माथि चराको प्रतिक भएको डम्फु",,,,,,"true","false","ECN-2080-CSV","NEEDS_REVIEW",,
"Communist Party of Nepal (Unified Socialist)","नेपाल कम्युनिष्ट पार्टी (एकीकृत समाजवादी)","CPN-US",,"166",,,"2078-05-09","2021-08-25",,,"नयाँबानेश्वर, काठमाडौं","Bagmati","Kathmandu","०१-४१०६३०२, ९८५५००६६६६",,"Madhav Kumar Nepal","माधव कुमार नेपाल",,,"Pen","कलम",,,,,,"true","true","ECN-2080-CSV","NEEDS_REVIEW",,
"Loktantrik Samajwadi Party Nepal","लोकतान्त्रिक समाजवादी पार्टी नेपाल","LSP",,"167",,,"2078-05-09","2021-08-25",,,"बबरमहल, काठमाडौं","Bagmati","Kathmandu","०१-५३२८०४५, ९८४९३५४४०२",,"Mahantha Thakur","महन्थ ठाकुर",,,"Bicycle","साइकल",,,,,,"true","true","ECN-2080-CSV","NEEDS_REVIEW",,
"Bahujan Ekta Party Nepal","बहुजन एकता पार्टी नेपाल",,,"168",,,"2078-05-18","2021-09-03",,,"काठमाडौं महानगरपालिका- १६, काठमाडौं","Bagmati","Kathmandu","९८४४०५२६२०, ९८०७६६२७१३, ९८०१६८४०००",,"Harinandan Kumar Ranjan","हरिनन्दन कुमार रंजन",,,"सातवटा खुड्किला भएको Ladle","सातवटा खुड्किला भएको भन्याइ",,,,,,"true","false","ECN-2080-CSV","NEEDS_REVIEW",,
"Samajwadi Kendra Nepal","समाजवादी केन्द्र, नेपाल",,,"169",,,"2078-05-23","2021-09-08",,,"काठमाडौं महानगरपालिका ३१, काठमाडौ","Bagmati","Kathmandu","९८४९७७७०९२, ९८५१३२४३५७",,"Yubaraj Paudel","युवराज पौडेल",,,"नाच्दै गरेको Peacock","नाच्दै गरेको मयुर",,,,,,"true","false","ECN-2080-CSV","NEEDS_REVIEW",,
"Nepal Communist Party Samajwadi","नेपाल कम्युनिष्ट पार्टी (समाजवादी)",,,"170",,,"2078-05-28","2021-09-13",,,"बूढानीलकण्ठ नगरपालिका- ७, काठमाडौं","Bagmati","Kathmandu","९८४५४७४३४४",,"Raju Karki","राजु कार्की",,,"Car","कार",,,,,,"true","false","ECN-2080-CSV","NEEDS_REVIEW",,
"Rastriya Sadbhawana Party","राष्ट्रिय सद्भावना पार्टी",,,"171",,,"2078-07-14","2021-10-31",,,"मलंगवा, सर्लाही","Madhesh","Sarlahi",,,"Nripendra Kumar Singh","नृपेन्द्र कुमार सिंह",,,"Mace","गदा",,,,,,"true","false","ECN-2080-CSV","NEEDS_REVIEW",,
"Unnat लोकतन्त्र Party","उन्नत लोकतन्त्र पार्टी",,,"172",,,"2078-07-14","2021-10-31",,,"काठमाडौं महानगरपालिका- २९, काठमाडौं","Bagmati","Kathmandu","९८५१०१७७१०",,"Bhadra Prasad Nepal","भद्र प्रसाद नेपाल",,,"खुला Book","खुला किताब",,,,,,"true","false","ECN-2080-CSV","NEEDS_REVIEW",,
"Rastriya Janata Party Nepal","राष्ट्रिय जनता पार्टी नेपाल",,,"173",,,"2078-07-16","2021-11-02",,,"काठमाडौं महानगरपालिका- ११, काठमाडौं","Bagmati","Kathmandu","९८५४०२२४७२, ९८६२७४९६६३",,"Hari Narayan Yadav","हरि नारायण यादव",,,"दायाँ हातले समातेको Torch","दायाँ हातले समातेको मसाल",,,,,,"true","false","ECN-2080-CSV","NEEDS_REVIEW",,
"Nepal Bibeksheel Party","नेपाल विवेकशील पार्टी",,,"174",,,"2078-07-30","2021-11-16",,,"काठमाडौं महानगरपालिका- १, काठमाडौं","Bagmati","Kathmandu","९८२३६१३७७२, ९८४१२११६८४",,"Karma Lama Tamang","कर्मा लामा तामाङ",,,"Dog Head","कुकुरको टाउको",,,,,,"true","false","ECN-2080-CSV","NEEDS_REVIEW",,
"तराई-मधेश Loktantrik Party","तराई-मधेश लोकतान्त्रिक पार्टी",,,"175",,,"2078-08-09","2021-11-25",,,"जनकपुर उपमहानगरपालिका, जनकपुर, धनुषा","Madhesh","Dhanusha","९८४४०२८७०६",,"रवि Shankar Kumar Karna","रवि शंकरकुमार कर्ण",,,"लोककला कोरिएको Pot आँपको कलश र त्यस माथि Coconut","लोककला कोरिएको गाग्रोमा आँपको कलश र त्यस माथि नरिवल",,,,,,"true","false","ECN-2080-CSV","NEEDS_REVIEW",,
"Nepal Janaekta Party","नेपाल जनएकता पार्टी",,,"176",,,"2078-09-16","2021-12-31",,,"कलंकी, काठमाडौं","Bagmati","Kathmandu","९८५१११२६७९, ९८४१३५२३९८, ९८५१०९१२०१",,"Babu Chandra Dhakal","वावुचन्द्र ढकाल",,,,"पाँच मुखे रुद्राक्षको दाना",,,,,,"true","false","ECN-2080-CSV","NEEDS_REVIEW",,
"Aam Janata Party","आम जनता पार्टी",,,"178",,,"2078-09-30","2022-01-14",,,"काठमाडौं महानगरपालिका- ३१, काठमाडौं","Bagmati","Kathmandu","९८४१२६५५०३",,"Prabhu Shah","प्रभु शाह",,,"Mobile","मोवाइल",,,,,,"true","false","ECN-2080-CSV","NEEDS_REVIEW",,
"Janata Pragatishil Party Nepal","जनता प्रगतिशिल पार्टी, नेपाल",,,"179",,,"2078-11-03","2022-02-15",,,"काठमाडौं महानगरपालिका- १०, काठमाडौं","Bagmati","Kathmandu","९८५१००२२२२, ९८४१५३२०६४",,"Hridayesh Tripathi","हृदयेश त्रिपाठी",,,"Spade बोकेको किशान","कोदालो बोकेको किशान",,,,,,"true","false","ECN-2080-CSV","NEEDS_REVIEW",,
"Samajik Ekta Party","सामाजिक एकता पार्टी",,,"180",,,"2078-11-03","2022-02-15",,,"ललितपुर-१३, ललितपुर","Bagmati","Lalitpur","९८५१०१६५५२, ९८४१३३१८९८",,"Chari Bahadur Gahatraj","चरि बहादुर गहतराज",,,"Guitar","गितार",,,,,,"true","false","ECN-2080-CSV","NEEDS_REVIEW",,
"Nagarik Unmukti Party","नागरिक उन्मुक्ति पार्टी",,,"181",,,"2078-11-03","2022-02-15",,,"डिल्लीबजार, काडमाडौं",,,"९८५१२४९९५४, ९८५११५३५६१",,"Ranjita Shrestha","रन्जिता श्रेष्ठ",,,"पिधैं भएको सादा Lid","पिधैं भएको सादा ढकिया",,,,,,"true","false","ECN-2080-CSV","NEEDS_REVIEW",,
"Nepal Samajwadi Party","नेपाल समाजवादी पार्टी",,,"182",,,"2078-11-05","2022-02-17",,,"काठमाडौँ महानगरपालिका- ३२, कोटेश्वर काठमाडौं","Bagmati","Kathmandu","९८०८२१३६३०, ९८५११५३५६१८, ९८५११७६६६०",,"Baburam Bhattarai","बाबुराम भट्टाराई",,,"खुलेको एक Eye","खुलेको एक आँखा",,,,,,"true","false","ECN-2080-CSV","NEEDS_REVIEW",,
"Sajha Party Nepal","साझा पार्टी, नेपाल",,,"183",,,"2078-11-04","2022-02-16",,,"काठमाडौं महानगरपालिका २९, काठमाडौं","Bagmati","Kathmandu","९८४१७८११९६, ९८६५९३६७४४",,"Prabhas Basnyat","प्रभाष बस्न्यात",,,,"दुइ वटा पैताला छाप",,,,,,"true","false","ECN-2080-CSV","NEEDS_REVIEW",,
"Nepal Communist Party Gauravshali","नेपाल कम्युनिष्ट पार्टी (गौरवशाली)",,,"184",,,"2078-11-04","2022-02-16",,,"काठमाडौं महानगरपालिका- २९, काठमाडौं","Bagmati","Kathmandu","९८४९७००१२३",,"Bhabisor Parajuli","भविसोर पराजुली",,,"Apple","स्याउ",,,,,,"true","false","ECN-2080-CSV","NEEDS_REVIEW",,
"Nepal Communist Party Maoist Samajwadi","नेपाल कम्युनिष्ट पार्टी माओवादी समाजवादी",,,"185",,,"2078-11-10","2022-02-22",,,"चावहिल, काठमाडौं","Bagmati","Kathmandu","९8५११३८६४७, ९८५१०९९५४९",,"Karnajit Budhathoki","कर्णजित बुढथोकी",,,"Man Woman","महिला पुरुष",,,,,,"true","false","ECN-2080-CSV","NEEDS_REVIEW",,
"Deshabhakta Loktantrik Party Nepal","देशभक्त लोकतान्त्रिक पार्टी, नेपाल",,,"186",,,"2078-11-29","2022-03-13",,,"सुकेधारा-४, काठमाडौं","Bagmati","Kathmandu","९८५१०६५४९८, ०१-४३७५७८१",,"Manmohan Shamsher राणा","मनमोहन शमशेर राणा",,,"खुलेको Lock","खुलेको ताला",,,,,,"true","false","ECN-2080-CSV","NEEDS_REVIEW",,
"Rastriya Swatantra Party","राष्ट्रिय स्वतन्त्र पार्टी","RSP",,"187",,,"2079-03-17","2022-07-01",,,"काठमाडौँ महानगरपालिका- १६, चःमति, वनस्थली, काठमाडौं","Bagmati","Kathmandu","०१-५९१४५९१, ९८५१३६०६६६, ९८५१२२०६९९",,"रवि Lamichhane","रवि लामिछाने",,,"Bell","घण्टी",,,,,,"true","true","ECN-2080-CSV","NEEDS_REVIEW",,
"Hamro Nepali Party","हाम्रो नेपाली पार्टी",,,"188",,,"2079-03-29","2022-07-13",,,"ललितपुर महानगरपालिका- २, सानेपा, ललितपुर","Bagmati","Lalitpur","९८५१११२३२४, ९८५२०२७२०८",,"Ananta Raj Ghimire","अनन्तराज घिमिरे",,,"Stick","लौरो",,,,,,"true","false","ECN-2080-CSV","NEEDS_REVIEW",,
"Punarjagaran Party Nepal","पुनर्जागरण पार्टी, नेपाल",,,"189",,,"2079-04-12","2022-07-28",,,"काठमाडौं महानगरपालिका ७, चावहिल, काठमाडौं","Bagmati","Kathmandu","९८५१००७४१३",,"Shyam Babu Gautam","श्याम बाबु गौतम",,,"वलिरहेको Candle","वलिरहेको मैनवत्ती",,,,,,"true","false","ECN-2080-CSV","NEEDS_REVIEW",,
"Nepal Communist Party Ekta Rastriya Abhiyan","नेपाल कम्युनिष्ट पार्टी एकता राष्ट्रिय अभियान",,,"190",,,"2079-04-12","2022-07-28",,,"ललितपुर महानगरपालिका- २५, सैबु आवास क्षेत्र भैसीपाटी, ललितपुर","Bagmati","Lalitpur","९८६९१३३६८१, ९८५११२०५३८",,"Bamdev Gautam","बामदेव गौतम",,,,"दुई रेखा भएको अर्ध गोलाकार भित्र झुकेका धानका तीन बाला",,,,,,"true","false","ECN-2080-CSV","NEEDS_REVIEW",,
"Samabeshi Samajwadi Party Nepal","समावेशी समाजवादी पार्टी नेपाल",,,"191",,,"2079-11-14","2023-02-26",,,"काठमाडौँ महानगरपालिका- १०, बानेश्वर, काठमाडौं","Bagmati","Kathmandu","९८५११००४७३, ९८५७०३२१४९",,"Kishor Kumar Bishwas","किसोर कुमार विश्वास",,,"भित्ते Clock","भित्ते घडी",,,,,,"true","false","ECN-2080-CSV","NEEDS_REVIEW",,
"Jaya Janmabhumi Party Nepal","जय जन्मभूमि पार्टी नेपाल",,,"192",,,"2079-11-14","2023-02-26",,,"नागार्जुन नगरपालिका-१ काठमाडौं","Bagmati","Kathmandu","९८४६०९७२६०, ९८५१०८९५८१",,"Dhan Bahadur Thapa","धन बहादुर थापा",,,"Umbrella Hat","छत्रे टोपी",,,,,,"true","false","ECN-2080-CSV","NEEDS_REVIEW",,
"Rashtrawadi Kendra Nepal","राष्ट्रवादी केन्द्र नेपाल",,,"193",,,"2079-12-26","2023-04-09",,,"थापाथली, काठमाडौं","Bagmati","Kathmandu","९८५१०१८३५१",,"Chandra Bahadur Thapa","चन्द्र बहादुर थापा",,,"Lantern","लालटिन",,,,,,"true","false","ECN-2080-CSV","NEEDS_REVIEW",,
"Rastriya Samata Party Nepal","राष्ट्रिय समता पार्टी नेपाल",,,"194",,,"2079-12-26","2023-04-09",,,"काठमाडौं महानगरपालिका- १४, कलंकी, काठमाडौं","Bagmati","Kathmandu","९८५१०७२३०८, ९८४५१९२०७३",,"Bijaya प्रकाश Nishad","विजय प्रकाश निषाद",,,"माथिपट्टि फर्केको Bow","माथिपट्टि फर्केको धनुष",,,,,,"true","false","ECN-2080-CSV","NEEDS_REVIEW",,
"प्रगतिशील Samajwadi Party","प्रगतिशील समाजवादी पार्टी",,,"195",,,"2080-09-29","2024-01-14",,,"तारकेश्वर नगरपालिका-८, वेशीनगर, काठमाडौ",,,"९८५११३८०४१",,"Tulasi Raj Giri","तुलसी राज गिरी",,,"Chrysanthemum","सयपत्री फूल",,,,,,"true","false","ECN-2080-CSV","NEEDS_REVIEW",,
"National Republic Nepal","नेशनल रिपब्लिक नेपाल",,,"196",,,"2080-11-09","2024-02-21",,,"काठमाडौं महानगरपालिका- २, धोवीचौर, काठमाडौं","Bagmati","Kathmandu","९८४७२६०९०२",,"Thaman Bahadur Budha Magar","थम्मन बहादुर बुढा मगर",,,"उडिरहेको Bee","उडिरहेको माहुरी",,,,,,"true","false","ECN-2080-CSV","NEEDS_REVIEW",,
"Rastriya Matribhumi Party","राष्ट्रिय मातृभूमि पार्टी",,,"197",,,"2080-11-23","2024-03-06",,,"काठमाडौं महानगरपालिका ९, बत्तीसपुतली, काठमाडौ","Bagmati","Kathmandu","९८५७०५९९९४, ९८४७०२५९९४, ४२०३७४, ०१-५९१०७६२",,"Romlal Giri","रोमलाल गिरी",,,"काखमा बच्चा लिएकी Mother","काखमा बच्चा लिएकी आमा",,,,,,"true","false","ECN-2080-CSV","NEEDS_REVIEW",,
